batter,avg,slg,iso
444482,0.21428571428571427,0.25,0.035714285714285726
453568,0.26126126126126126,0.40540540540540543,0.14414414414414417
455117,0.08849557522123894,0.13274336283185842,0.04424778761061948
456781,0.27906976744186046,0.3875968992248062,0.10852713178294576
457705,0.24497991967871485,0.41365461847389556,0.1686746987951807
457759,0.24553571428571427,0.35714285714285715,0.11160714285714288
467793,0.25384615384615383,0.4461538461538462,0.19230769230769235
500743,0.29577464788732394,0.4295774647887324,0.13380281690140844
501303,0.19230769230769232,0.34615384615384615,0.15384615384615383
502054,0.2702702702702703,0.3837837837837838,0.11351351351351352
502110,0.2815533980582524,0.5,0.2184466019417476
502671,0.2271186440677966,0.36271186440677966,0.13559322033898305
514888,0.30407523510971785,0.46394984326018807,0.15987460815047022
516782,0.2813852813852814,0.41125541125541126,0.12987012987012986
518595,0.23870967741935484,0.45161290322580644,0.2129032258064516
518692,0.2986111111111111,0.5104166666666666,0.21180555555555552
518735,0.18691588785046728,0.2803738317757009,0.09345794392523363
518792,0.21649484536082475,0.4536082474226804,0.23711340206185566
518934,0.1951219512195122,0.21951219512195122,0.02439024390243902
519203,0.22448979591836735,0.3469387755102041,0.12244897959183673
519317,0.25206611570247933,0.5,0.24793388429752067
521692,0.2837370242214533,0.4740484429065744,0.19031141868512108
527038,0.20855614973262032,0.32620320855614976,0.11764705882352944
541645,0.2702702702702703,0.3783783783783784,0.10810810810810811
542194,0.17567567567567569,0.2972972972972973,0.12162162162162163
542303,0.3079584775086505,0.5778546712802768,0.26989619377162627
542364,0.07692307692307693,0.07692307692307693,0.0
542932,0.28,0.34,0.06
543063,0.16326530612244897,0.2857142857142857,0.12244897959183673
543228,0.1686746987951807,0.26506024096385544,0.09638554216867473
543257,0.21374045801526717,0.2824427480916031,0.06870229007633591
543305,0.1568627450980392,0.21568627450980393,0.05882352941176472
543309,0.21978021978021978,0.5714285714285714,0.3516483516483516
543510,0.1981981981981982,0.32432432432432434,0.12612612612612614
543518,0.0,0.0,0.0
543685,0.32786885245901637,0.3770491803278688,0.04918032786885246
543760,0.2345679012345679,0.3888888888888889,0.154320987654321
543807,0.2196969696969697,0.3409090909090909,0.12121212121212119
543877,0.1836734693877551,0.2585034013605442,0.07482993197278912
545121,0.2620689655172414,0.3448275862068966,0.08275862068965517
545341,0.2903225806451613,0.4435483870967742,0.15322580645161288
545361,0.2222222222222222,0.5454545454545454,0.3232323232323232
547180,0.3140794223826715,0.6028880866425993,0.2888086642599278
547989,0.13725490196078433,0.21568627450980393,0.0784313725490196
553869,0.3125,0.4427083333333333,0.13020833333333331
553882,0.16393442622950818,0.19672131147540983,0.03278688524590165
553993,0.18532818532818532,0.2972972972972973,0.111969111969112
570482,0.2388888888888889,0.3055555555555556,0.06666666666666668
571448,0.2737226277372263,0.3978102189781022,0.12408759124087593
571466,0.16666666666666666,0.20512820512820512,0.038461538461538464
571657,0.19658119658119658,0.27350427350427353,0.07692307692307696
571745,0.21212121212121213,0.329004329004329,0.1168831168831169
571771,0.21604938271604937,0.3271604938271605,0.11111111111111113
571912,0.1827956989247312,0.24731182795698925,0.06451612903225806
571970,0.19827586206896552,0.46551724137931033,0.2672413793103448
572138,0.2342857142857143,0.35428571428571426,0.11999999999999997
572191,0.176056338028169,0.22535211267605634,0.04929577464788734
572233,0.25333333333333335,0.45666666666666667,0.2033333333333333
572761,0.25301204819277107,0.3614457831325301,0.10843373493975905
573262,0.22994652406417113,0.41711229946524064,0.18716577540106952
575929,0.2773109243697479,0.5210084033613446,0.24369747899159666
578428,0.37777777777777777,0.5333333333333333,0.15555555555555556
592178,0.21333333333333335,0.32,0.10666666666666666
592192,0.22529644268774704,0.33201581027667987,0.10671936758893283
592200,0.23255813953488372,0.27906976744186046,0.046511627906976744
592206,0.23376623376623376,0.3961038961038961,0.16233766233766236
592273,0.16494845360824742,0.23711340206185566,0.07216494845360824
592325,0.0,0.0,0.0
592348,0.10714285714285714,0.10714285714285714,0.0
592450,0.33214285714285713,0.75,0.41785714285714287
592518,0.275,0.4,0.125
592626,0.26842105263157895,0.4842105263157895,0.21578947368421053
592663,0.26288659793814434,0.4072164948453608,0.14432989690721648
592669,0.22702702702702704,0.41621621621621624,0.1891891891891892
592696,0.18048780487804877,0.3170731707317073,0.13658536585365855
592885,0.3175355450236967,0.4834123222748815,0.16587677725118483
593160,0.1953125,0.296875,0.1015625
593428,0.20245398773006135,0.3128834355828221,0.11042944785276076
593871,0.2073170731707317,0.3170731707317073,0.10975609756097562
593934,0.22857142857142856,0.35714285714285715,0.1285714285714286
594807,0.16759776536312848,0.2905027932960894,0.12290502793296093
595281,0.19444444444444445,0.2916666666666667,0.09722222222222224
595777,0.3176895306859206,0.48736462093862815,0.16967509025270755
595879,0.1871345029239766,0.2573099415204678,0.07017543859649122
595909,0.25,0.32857142857142857,0.07857142857142857
595978,0.14285714285714285,0.23214285714285715,0.0892857142857143
596019,0.2554517133956386,0.4517133956386293,0.19626168224299068
596103,0.21518987341772153,0.26582278481012656,0.05063291139240503
596115,0.3076923076923077,0.5384615384615384,0.23076923076923073
596117,0.22093023255813954,0.26744186046511625,0.046511627906976716
596129,0.1875,0.3125,0.125
596142,0.22695035460992907,0.41843971631205673,0.19148936170212766
596146,0.255,0.42,0.16499999999999998
600869,0.25296442687747034,0.48616600790513836,0.23320158102766803
602104,0.22950819672131148,0.3770491803278688,0.14754098360655735
605113,0.25,0.3225806451612903,0.07258064516129031
605119,0.0,0.0,0.0
605131,0.2,0.22857142857142856,0.028571428571428553
605137,0.24324324324324326,0.3783783783783784,0.13513513513513514
605141,0.28846153846153844,0.4346153846153846,0.1461538461538462
605170,0.24242424242424243,0.43434343434343436,0.19191919191919193
605204,0.211864406779661,0.3050847457627119,0.09322033898305088
605361,0.19834710743801653,0.2892561983471074,0.09090909090909088
606115,0.1992619926199262,0.3210332103321033,0.12177121771217711
606192,0.2508591065292096,0.46048109965635736,0.20962199312714774
606466,0.2891156462585034,0.5408163265306123,0.2517006802721089
606992,0.5,0.5,0.0
607043,0.25735294117647056,0.47058823529411764,0.21323529411764708
607054,0.047619047619047616,0.047619047619047616,0.0
607208,0.3465909090909091,0.4772727272727273,0.13068181818181818
607680,0.302158273381295,0.5323741007194245,0.2302158273381295
607732,0.2689075630252101,0.4369747899159664,0.16806722689075632
608070,0.28619528619528617,0.5656565656565656,0.27946127946127947
608324,0.2558139534883721,0.4119601328903654,0.15614617940199332
608336,0.18110236220472442,0.3543307086614173,0.17322834645669288
608348,0.23308270676691728,0.38345864661654133,0.15037593984962405
608369,0.2509505703422053,0.44866920152091255,0.19771863117870725
608385,0.2530612244897959,0.40816326530612246,0.15510204081632656
608596,0.0967741935483871,0.1935483870967742,0.0967741935483871
608671,0.2072072072072072,0.23423423423423423,0.02702702702702703
608701,0.3150684931506849,0.4726027397260274,0.15753424657534248
608841,0.22924901185770752,0.30434782608695654,0.07509881422924902
609280,0.30708661417322836,0.4015748031496063,0.09448818897637795
620443,0.3103448275862069,0.6551724137931034,0.3448275862068965
621020,0.22131147540983606,0.36065573770491804,0.13934426229508198
621028,0.28402366863905326,0.3905325443786982,0.10650887573964496
621035,0.16831683168316833,0.26732673267326734,0.09900990099009901
621043,0.32,0.52,0.2
621311,0.2608695652173913,0.5,0.2391304347826087
621438,0.23841059602649006,0.39072847682119205,0.152317880794702
621439,0.2623762376237624,0.46534653465346537,0.20297029702970298
621466,0.19008264462809918,0.34710743801652894,0.15702479338842976
621493,0.24642857142857144,0.43214285714285716,0.18571428571428572
621512,0.20833333333333334,0.3333333333333333,0.12499999999999997
621545,0.25,0.34375,0.09375
621550,0.2,0.3875,0.1875
621563,0.2222222222222222,0.25,0.02777777777777779
621566,0.24475524475524477,0.4230769230769231,0.1783216783216783
622491,0.0,0.0,0.0
622534,0.2356687898089172,0.33121019108280253,0.09554140127388533
622569,0.17307692307692307,0.21153846153846154,0.038461538461538464
622761,0.23225806451612904,0.432258064516129,0.19999999999999998
623168,0.0,0.0,0.0
623520,0.30434782608695654,0.34782608695652173,0.04347826086956519
623912,0.296969696969697,0.3515151515151515,0.05454545454545451
623993,0.22996515679442509,0.4912891986062718,0.2613240418118467
624413,0.24172185430463577,0.46688741721854304,0.22516556291390727
624415,0.19230769230769232,0.24615384615384617,0.05384615384615385
624424,0.2233502538071066,0.39086294416243655,0.16751269035532995
624428,0.20588235294117646,0.3014705882352941,0.09558823529411764
624431,0.25170068027210885,0.4217687074829932,0.17006802721088438
624503,0.23383084577114427,0.39303482587064675,0.15920398009950248
624512,0.19090909090909092,0.2818181818181818,0.09090909090909088
624585,0.23868312757201646,0.4156378600823045,0.17695473251028807
624641,0.2702702702702703,0.47297297297297297,0.2027027027027027
628451,0.29464285714285715,0.41964285714285715,0.125
630105,0.25517241379310346,0.43448275862068964,0.17931034482758618
640492,0.21212121212121213,0.24242424242424243,0.030303030303030304
640902,0.0,0.0,0.0
641313,0.22065727699530516,0.2300469483568075,0.009389671361502344
641343,0.22424242424242424,0.4121212121212121,0.18787878787878787
641355,0.27547169811320754,0.43018867924528303,0.1547169811320755
641432,0.28104575163398693,0.40522875816993464,0.12418300653594772
641487,0.22325581395348837,0.3674418604651163,0.14418604651162792
641511,0.25,0.5,0.25
641584,0.2596685082872928,0.3259668508287293,0.06629834254143646
641598,0.17105263157894737,0.3508771929824561,0.17982456140350875
641645,0.25555555555555554,0.34444444444444444,0.0888888888888889
641658,0.28440366972477066,0.3669724770642202,0.08256880733944955
641680,0.2336065573770492,0.3401639344262295,0.10655737704918031
641857,0.26262626262626265,0.45791245791245794,0.19528619528619529
641933,0.24623115577889448,0.507537688442211,0.26130653266331655
642086,0.21232876712328766,0.3219178082191781,0.10958904109589043
642133,0.23243243243243245,0.32432432432432434,0.0918918918918919
642136,0.2153846153846154,0.35384615384615387,0.13846153846153847
642180,0.21428571428571427,0.23809523809523808,0.023809523809523808
642197,0.23529411764705882,0.47058823529411764,0.23529411764705882
642215,0.0,0.0,0.0
642350,0.21674876847290642,0.43349753694581283,0.21674876847290642
642708,0.2961165048543689,0.4029126213592233,0.10679611650485438
642715,0.23225806451612904,0.4129032258064516,0.18064516129032257
642731,0.23104693140794225,0.37545126353790614,0.1444043321299639
642851,0.6,1.2,0.6
643217,0.2,0.3116279069767442,0.11162790697674418
643265,0.20588235294117646,0.30392156862745096,0.0980392156862745
643289,0.29207920792079206,0.40594059405940597,0.11386138613861391
643376,0.23030303030303031,0.4,0.1696969696969697
643393,0.0,0.0,0.0
643396,0.2938775510204082,0.42857142857142855,0.13469387755102036
643446,0.2248995983935743,0.3172690763052209,0.0923694779116466
643565,0.26146788990825687,0.3853211009174312,0.12385321100917435
644433,0.2653061224489796,0.3877551020408163,0.1224489795918367
645277,0.2526690391459075,0.38434163701067614,0.13167259786476865
645302,0.20930232558139536,0.2558139534883721,0.046511627906976744
645305,0.2857142857142857,0.2857142857142857,0.0
645444,0.2,0.2,0.0
645801,0.15,0.23333333333333334,0.08333333333333334
646240,0.28294573643410853,0.562015503875969,0.27906976744186046
647304,0.23985239852398524,0.5055350553505535,0.26568265682656833
647351,0.2647058823529412,0.39338235294117646,0.12867647058823528
649557,0.10344827586206896,0.10344827586206896,0.0
649966,0.16216216216216217,0.33783783783783783,0.17567567567567566
650333,0.3263473053892216,0.40119760479041916,0.07485029940119758
650391,0.24324324324324326,0.3918918918918919,0.14864864864864863
650402,0.2323943661971831,0.36619718309859156,0.13380281690140847
650489,0.2867383512544803,0.4731182795698925,0.18637992831541222
650490,0.2721518987341772,0.3829113924050633,0.11075949367088606
650559,0.24193548387096775,0.43870967741935485,0.1967741935483871
650859,0.3218884120171674,0.45493562231759654,0.13304721030042915
650907,0.2,0.42857142857142855,0.22857142857142854
655316,0.19607843137254902,0.29411764705882354,0.09803921568627452
656180,0.22077922077922077,0.36363636363636365,0.14285714285714288
656248,0.20481927710843373,0.3253012048192771,0.12048192771084337
656305,0.24315068493150685,0.4041095890410959,0.16095890410958905
656413,0.23333333333333334,0.35333333333333333,0.12
656484,0.0,0.0,0.0
656537,0.3333333333333333,0.7619047619047619,0.42857142857142855
656541,0.0,0.0,0.0
656555,0.22380952380952382,0.4,0.1761904761904762
656577,0.07246376811594203,0.14492753623188406,0.07246376811594203
656582,0.24444444444444444,0.40444444444444444,0.16
656716,0.18548387096774194,0.29838709677419356,0.11290322580645162
656775,0.22123893805309736,0.38495575221238937,0.163716814159292
656811,0.2889908256880734,0.46788990825688076,0.17889908256880738
656883,0.08333333333333333,0.3333333333333333,0.25
656896,0.20634920634920634,0.25396825396825395,0.047619047619047616
656941,0.2535211267605634,0.4507042253521127,0.1971830985915493
656976,0.2727272727272727,0.5272727272727272,0.2545454545454545
657041,0.255,0.445,0.19
657061,0.1836734693877551,0.30612244897959184,0.12244897959183673
657077,0.2482758620689655,0.4068965517241379,0.1586206896551724
657088,0.25,0.25,0.0
657136,0.32663316582914576,0.47738693467336685,0.1507537688442211
657557,0.23846153846153847,0.4461538461538462,0.2076923076923077
657656,0.17204301075268819,0.3010752688172043,0.12903225806451613
657757,0.24166666666666667,0.4083333333333333,0.16666666666666666
658668,0.23178807947019867,0.33774834437086093,0.10596026490066227
660162,0.34615384615384615,0.4230769230769231,0.07692307692307693
660271,0.3220338983050847,0.6644067796610169,0.3423728813559322
660644,0.2463768115942029,0.35507246376811596,0.10869565217391305
660670,0.24858757062146894,0.3728813559322034,0.12429378531073446
660688,0.205,0.285,0.07999999999999999
660707,0.20952380952380953,0.3142857142857143,0.10476190476190475
660821,0.23214285714285715,0.3705357142857143,0.13839285714285715
660844,0.3333333333333333,0.6666666666666666,0.3333333333333333
661388,0.29780564263322884,0.45454545454545453,0.1567398119122257
661531,0.125,0.125,0.0
662139,0.20161290322580644,0.4153225806451613,0.21370967741935487
663330,0.26666666666666666,0.43333333333333335,0.16666666666666669
663368,0.25,0.36607142857142855,0.11607142857142855
663457,0.23404255319148937,0.40425531914893614,0.17021276595744678
663527,0.20270270270270271,0.3310810810810811,0.12837837837837837
663538,0.2593984962406015,0.36466165413533835,0.10526315789473684
663550,0.2692307692307692,0.4230769230769231,0.15384615384615385
663586,0.2540322580645161,0.4274193548387097,0.17338709677419356
663611,0.2222222222222222,0.24691358024691357,0.024691358024691357
663616,0.25903614457831325,0.4457831325301205,0.18674698795180722
663624,0.2698961937716263,0.45674740484429066,0.18685121107266434
663630,0.21428571428571427,0.6428571428571429,0.4285714285714286
663647,0.21717171717171718,0.29292929292929293,0.07575757575757575
663656,0.2653061224489796,0.6071428571428571,0.3418367346938775
663662,0.16666666666666666,0.3333333333333333,0.16666666666666666
663697,0.2788844621513944,0.41434262948207173,0.13545816733067734
663698,0.25396825396825395,0.49206349206349204,0.23809523809523808
663728,0.20703125,0.40234375,0.1953125
663743,0.17006802721088435,0.24489795918367346,0.07482993197278912
663757,0.16,0.37333333333333335,0.21333333333333335
663837,0.25190839694656486,0.44274809160305345,0.1908396946564886
663853,0.2962962962962963,0.3888888888888889,0.09259259259259262
663886,0.24479166666666666,0.4114583333333333,0.16666666666666666
663897,0.1,0.1,0.0
663898,0.30180180180180183,0.4369369369369369,0.1351351351351351
663967,0.35714285714285715,0.5,0.14285714285714285
663993,0.26605504587155965,0.37155963302752293,0.10550458715596328
664023,0.22348484848484848,0.42045454545454547,0.196969696969697
664034,0.2317596566523605,0.38197424892703863,0.15021459227467812
664040,0.21296296296296297,0.42592592592592593,0.21296296296296297
664056,0.27927927927927926,0.42342342342342343,0.14414414414414417
664058,0.25,0.25,0.0
664059,0.06666666666666667,0.06666666666666667,0.0
664238,0.2107843137254902,0.4117647058823529,0.20098039215686272
664314,0.17391304347826086,0.358695652173913,0.18478260869565216
664728,0.2356020942408377,0.3769633507853403,0.14136125654450263
664761,0.30132450331125826,0.5,0.19867549668874174
664774,0.32786885245901637,0.4262295081967213,0.09836065573770492
664874,0.16666666666666666,0.3055555555555556,0.13888888888888892
664901,0.19827586206896552,0.3103448275862069,0.11206896551724138
664913,0.19411764705882353,0.3176470588235294,0.12352941176470586
664954,0.3,0.6,0.3
664983,0.2857142857142857,0.3956043956043956,0.10989010989010989
665019,0.25,0.5625,0.3125
665120,0.19047619047619047,0.21428571428571427,0.023809523809523808
665161,0.2727272727272727,0.3838383838383838,0.1111111111111111
665487,0.2791519434628975,0.45936395759717313,0.18021201413427562
665489,0.2990353697749196,0.47266881028938906,0.17363344051446944
665506,0.2,0.2625,0.0625
665561,0.22580645161290322,0.45161290322580644,0.22580645161290322
665742,0.2909090909090909,0.56,0.26909090909090916
665750,0.22267206477732793,0.3319838056680162,0.10931174089068829
665804,0.18867924528301888,0.2641509433962264,0.07547169811320753
665828,0.21787709497206703,0.3016759776536313,0.08379888268156427
665833,0.2339622641509434,0.4226415094339623,0.18867924528301888
665839,0.2158273381294964,0.4028776978417266,0.18705035971223022
665856,0.0,0.0,0.0
665862,0.2708333333333333,0.4305555555555556,0.15972222222222227
665877,0.14634146341463414,0.1951219512195122,0.048780487804878064
665923,0.16666666666666666,0.3125,0.14583333333333334
665926,0.2446043165467626,0.33093525179856115,0.08633093525179855
666018,0.2127659574468085,0.3191489361702128,0.10638297872340427
666023,0.2986111111111111,0.4444444444444444,0.14583333333333331
666134,0.20491803278688525,0.32786885245901637,0.12295081967213112
666135,0.19727891156462585,0.3877551020408163,0.19047619047619047
666139,0.22935779816513763,0.43119266055045874,0.2018348623853211
666149,0.30303030303030304,0.4393939393939394,0.13636363636363635
666150,0.18840579710144928,0.2463768115942029,0.05797101449275363
666152,0.26666666666666666,0.42424242424242425,0.1575757575757576
666158,0.22439024390243903,0.3121951219512195,0.08780487804878048
666160,0.1989795918367347,0.3112244897959184,0.11224489795918369
666163,0.2695035460992908,0.3900709219858156,0.12056737588652483
666165,0.3125,0.375,0.0625
666176,0.18981481481481483,0.4027777777777778,0.21296296296296297
666181,0.1780821917808219,0.3378995433789954,0.1598173515981735
666182,0.2339622641509434,0.33584905660377357,0.10188679245283017
666185,0.19791666666666666,0.23958333333333334,0.041666666666666685
666197,0.0,0.0,0.0
666211,0.14285714285714285,0.14285714285714285,0.0
666310,0.21764705882352942,0.35294117647058826,0.13529411764705884
666397,0.20754716981132076,0.3710691823899371,0.16352201257861632
666624,0.19413919413919414,0.3663003663003663,0.17216117216117213
666703,0.2558139534883721,0.5116279069767442,0.2558139534883721
666915,0.1375,0.2,0.0625
666969,0.22105263157894736,0.41403508771929826,0.1929824561403509
666971,0.2568493150684932,0.3835616438356164,0.12671232876712324
667428,0.0,0.0,0.0
667452,0.24242424242424243,0.3939393939393939,0.1515151515151515
667472,0.234375,0.375,0.140625
667670,0.27091633466135456,0.5258964143426295,0.2549800796812749
668227,0.18867924528301888,0.33584905660377357,0.14716981132075468
668670,0.21052631578947367,0.34210526315789475,0.13157894736842107
668709,0.24210526315789474,0.4456140350877193,0.20350877192982456
668715,0.24113475177304963,0.41843971631205673,0.1773049645390071
668723,0.2857142857142857,0.2857142857142857,0.0
668731,0.1111111111111111,0.3111111111111111,0.2
668752,0.0,0.0,0.0
668800,0.15873015873015872,0.2222222222222222,0.06349206349206349
668804,0.2765273311897106,0.4662379421221865,0.18971061093247588
668832,0.3,0.45,0.15000000000000002
668843,0.25,0.25,0.0
668845,0.0,0.0,0.0
668853,0.19444444444444445,0.3888888888888889,0.19444444444444445
668885,0.27884615384615385,0.3942307692307692,0.11538461538461536
668901,0.3007518796992481,0.5864661654135338,0.2857142857142857
668904,0.27380952380952384,0.6428571428571429,0.36904761904761907
668930,0.286231884057971,0.41304347826086957,0.12681159420289856
668939,0.2958199356913183,0.4790996784565916,0.1832797427652733
668942,0.24663677130044842,0.37668161434977576,0.13004484304932734
668952,0.12903225806451613,0.12903225806451613,0.0
669003,0.5,0.5,0.0
669004,0.17194570135746606,0.3438914027149321,0.17194570135746606
669016,0.2755102040816326,0.42346938775510207,0.14795918367346944
669065,0.29411764705882354,0.5,0.20588235294117646
669087,0.0,0.0,0.0
669127,0.2,0.4425531914893617,0.24255319148936166
669134,0.21787709497206703,0.3463687150837989,0.12849162011173187
669137,0.4,0.4666666666666667,0.06666666666666665
669208,0.24074074074074073,0.3888888888888889,0.14814814814814817
669221,0.22784810126582278,0.379746835443038,0.15189873417721522
669222,0.21025641025641026,0.36923076923076925,0.158974358974359
669224,0.21212121212121213,0.3484848484848485,0.13636363636363638
669234,0.1746031746031746,0.3492063492063492,0.1746031746031746
669257,0.25416666666666665,0.4625,0.20833333333333337
669261,0.17222222222222222,0.3055555555555556,0.13333333333333336
669289,0.19161676646706588,0.281437125748503,0.08982035928143711
669304,0.3013698630136986,0.4931506849315068,0.1917808219178082
669352,0.1111111111111111,0.16666666666666666,0.05555555555555555
669357,0.18548387096774194,0.40725806451612906,0.22177419354838712
669364,0.2222222222222222,0.3333333333333333,0.1111111111111111
669369,0.16666666666666666,0.2222222222222222,0.05555555555555555
669392,0.4,0.4,0.0
669394,0.20361990950226244,0.3393665158371041,0.13574660633484165
669397,0.14285714285714285,0.19642857142857142,0.053571428571428575
669450,0.0,0.0,0.0
669477,0.21951219512195122,0.3902439024390244,0.17073170731707318
669699,0.09433962264150944,0.1320754716981132,0.037735849056603765
669701,0.2924901185770751,0.45454545454545453,0.16205533596837945
669707,0.19704433497536947,0.27586206896551724,0.07881773399014777
669720,0.2636363636363636,0.42727272727272725,0.16363636363636364
669743,0.3333333333333333,0.4,0.06666666666666671
669911,0.18548387096774194,0.4435483870967742,0.25806451612903225
670032,0.2534562211981567,0.2903225806451613,0.036866359447004615
670042,0.26804123711340205,0.4690721649484536,0.20103092783505155
670092,0.12,0.12,0.0
670097,0.12727272727272726,0.16363636363636364,0.036363636363636376
670156,0.1590909090909091,0.18181818181818182,0.022727272727272735
670223,0.11538461538461539,0.15384615384615385,0.038461538461538464
670242,0.05263157894736842,0.21052631578947367,0.15789473684210525
670541,0.30584192439862545,0.5532646048109966,0.24742268041237114
670623,0.2857142857142857,0.4835164835164835,0.19780219780219782
670764,0.16666666666666666,0.22916666666666666,0.0625
670770,0.21649484536082475,0.36082474226804123,0.14432989690721648
670869,0.0,0.0,0.0
671056,0.2874251497005988,0.38922155688622756,0.10179640718562877
671083,0.2,0.5,0.3
671213,0.27692307692307694,0.6,0.32307692307692304
671218,0.2972972972972973,0.5135135135135135,0.21621621621621617
671221,0.125,0.125,0.0
671277,0.26587301587301587,0.4007936507936508,0.13492063492063494
671286,0.12903225806451613,0.16129032258064516,0.03225806451612903
671289,0.20600858369098712,0.33047210300429186,0.12446351931330474
671732,0.18333333333333332,0.2833333333333333,0.1
671739,0.24279835390946503,0.34156378600823045,0.09876543209876543
672012,0.23529411764705882,0.29411764705882354,0.05882352941176472
672275,0.27717391304347827,0.43478260869565216,0.1576086956521739
672279,0.23636363636363636,0.32727272727272727,0.09090909090909091
672284,0.2676056338028169,0.4507042253521127,0.1830985915492958
672356,0.23703703703703705,0.3851851851851852,0.14814814814814814
672386,0.20161290322580644,0.29838709677419356,0.09677419354838712
672515,0.23595505617977527,0.3539325842696629,0.11797752808988762
672580,0.23333333333333334,0.3303030303030303,0.09696969696969698
672640,0.2611464968152866,0.3630573248407643,0.10191082802547768
672695,0.2631578947368421,0.3157894736842105,0.05263157894736842
672744,0.2727272727272727,0.45454545454545453,0.18181818181818182
672761,0.26666666666666666,0.4,0.13333333333333336
672820,0.2265625,0.3359375,0.109375
673237,0.27307692307692305,0.41923076923076924,0.1461538461538462
673357,0.19047619047619047,0.44761904761904764,0.2571428571428572
673490,0.22641509433962265,0.3849056603773585,0.15849056603773587
673548,0.2616822429906542,0.4672897196261682,0.20560747663551404
673962,0.75,1.5,0.75
673995,0.1276595744680851,0.23404255319148937,0.10638297872340427
674441,0.18867924528301888,0.24528301886792453,0.05660377358490565
675659,0.2,0.8,0.6000000000000001
675915,0.0,0.0,0.0
675961,0.20689655172413793,0.25862068965517243,0.0517241379310345
676059,0.2852112676056338,0.5176056338028169,0.23239436619718307
676070,0.0,0.0,0.0
676113,0.13636363636363635,0.18181818181818182,0.04545454545454547
676116,0.12,0.2,0.08000000000000002
676356,0.1693548387096774,0.2661290322580645,0.0967741935483871
676369,0.19796954314720813,0.3553299492385787,0.15736040609137056
676391,0.2740740740740741,0.4444444444444444,0.17037037037037034
676475,0.28688524590163933,0.47540983606557374,0.1885245901639344
676609,0.24311926605504589,0.37155963302752293,0.12844036697247704
676679,0.0,0.0,0.0
676694,0.2616822429906542,0.42990654205607476,0.16822429906542058
676701,0.14285714285714285,0.14285714285714285,0.0
676801,0.21951219512195122,0.34959349593495936,0.13008130081300814
676896,0.0,0.0,0.0
676914,0.21645021645021645,0.39826839826839827,0.18181818181818182
676946,0.3333333333333333,1.0,0.6666666666666667
677008,0.3103448275862069,0.5862068965517241,0.2758620689655172
677347,0.12,0.22,0.1
677587,0.21025641025641026,0.28717948717948716,0.0769230769230769
677588,0.0,0.0,0.0
677594,0.25396825396825395,0.33650793650793653,0.08253968253968258
677649,0.25149700598802394,0.31736526946107785,0.06586826347305391
677800,0.2786885245901639,0.48633879781420764,0.20765027322404372
677870,0.0,0.0,0.0
677942,0.26,0.36666666666666664,0.10666666666666663
677951,0.3079268292682927,0.5152439024390244,0.20731707317073172
678009,0.0967741935483871,0.20967741935483872,0.11290322580645162
678225,0.21739130434782608,0.21739130434782608,0.0
678246,0.34375,0.5625,0.21875
678489,0.25,0.375,0.125
678554,0.21951219512195122,0.2804878048780488,0.06097560975609759
678662,0.2865853658536585,0.4725609756097561,0.18597560975609756
678877,0.23076923076923078,0.7692307692307693,0.5384615384615385
678882,0.24436090225563908,0.38721804511278196,0.14285714285714288
679032,0.25,0.3181818181818182,0.06818181818181818
679529,0.1989795918367347,0.336734693877551,0.1377551020408163
679822,0.5,0.5,0.0
679845,0.2169811320754717,0.27358490566037735,0.05660377358490565
679881,0.2222222222222222,0.3333333333333333,0.1111111111111111
680118,0.24324324324324326,0.32432432432432434,0.08108108108108109
680474,0.22598870056497175,0.3163841807909605,0.09039548022598873
680700,0.25,0.3469387755102041,0.09693877551020408
680716,0.0,0.0,0.0
680718,0.17307692307692307,0.21153846153846154,0.038461538461538464
680757,0.3737864077669903,0.5388349514563107,0.16504854368932037
680769,0.0,0.0,0.0
680776,0.30153846153846153,0.5261538461538462,0.22461538461538466
680777,0.24882629107981222,0.5023474178403756,0.2535211267605634
680779,0.15492957746478872,0.2535211267605634,0.09859154929577466
680869,0.2100456621004566,0.3835616438356164,0.1735159817351598
680911,0.18518518518518517,0.2222222222222222,0.037037037037037035
680977,0.2736842105263158,0.4245614035087719,0.1508771929824561
681082,0.23790322580645162,0.3548387096774194,0.11693548387096775
681146,0.125,0.25,0.125
681297,0.22270742358078602,0.4410480349344978,0.21834061135371177
681351,0.2754237288135593,0.4872881355932203,0.211864406779661
681393,0.21428571428571427,0.42857142857142855,0.21428571428571427
681481,0.27205882352941174,0.5514705882352942,0.2794117647058824
681546,0.15217391304347827,0.29347826086956524,0.14130434782608697
681584,0.35714285714285715,0.7142857142857143,0.35714285714285715
681624,0.25833333333333336,0.42083333333333334,0.16249999999999998
681807,0.30303030303030304,0.5212121212121212,0.2181818181818182
682119,0.1,0.2,0.1
682177,0.26785714285714285,0.48214285714285715,0.2142857142857143
682617,0.4090909090909091,0.5909090909090909,0.18181818181818182
682619,0.3333333333333333,0.3333333333333333,0.0
682622,0.17647058823529413,0.23529411764705882,0.05882352941176469
682626,0.2916666666666667,0.5,0.20833333333333331
682641,0.25225225225225223,0.3963963963963964,0.14414414414414417
682657,0.2857142857142857,0.2857142857142857,0.0
682729,0.17647058823529413,0.20588235294117646,0.02941176470588233
682829,0.2550335570469799,0.47651006711409394,0.22147651006711405
682868,0.20454545454545456,0.25,0.04545454545454544
682928,0.28865979381443296,0.5085910652920962,0.21993127147766323
682985,0.2629757785467128,0.4913494809688581,0.22837370242214533
682988,0.2,0.43333333333333335,0.23333333333333334
682998,0.21453287197231835,0.3217993079584775,0.10726643598615915
683002,0.2848101265822785,0.5949367088607594,0.31012658227848094
683011,0.25872093023255816,0.3808139534883721,0.12209302325581395
683021,0.1935483870967742,0.22580645161290322,0.03225806451612903
683083,0.09090909090909091,0.09090909090909091,0.0
683146,0.23076923076923078,0.3146853146853147,0.0839160839160839
683734,0.24738675958188153,0.40418118466898956,0.15679442508710803
683737,0.2675438596491228,0.4649122807017544,0.19736842105263158
686217,0.2821576763485477,0.35684647302904565,0.07468879668049794
686452,0.16666666666666666,0.3,0.13333333333333333
686469,0.2572463768115942,0.45652173913043476,0.19927536231884058
686527,0.23893805309734514,0.46017699115044247,0.22123893805309733
686554,0.2159090909090909,0.3181818181818182,0.10227272727272727
686668,0.2608695652173913,0.4057971014492754,0.1449275362318841
686676,0.23469387755102042,0.37755102040816324,0.14285714285714282
686681,0.30357142857142855,0.5535714285714286,0.25000000000000006
686780,0.19117647058823528,0.3235294117647059,0.13235294117647062
686823,0.26153846153846155,0.4307692307692308,0.16923076923076924
686894,0.15384615384615385,0.15384615384615385,0.0
687093,0.15384615384615385,0.16666666666666666,0.012820512820512803
687231,0.19672131147540983,0.19672131147540983,0.0
687263,0.2556390977443609,0.45112781954887216,0.19548872180451127
687363,0.06666666666666667,0.1111111111111111,0.04444444444444444
687401,0.2766990291262136,0.46116504854368934,0.18446601941747576
687462,0.2903225806451613,0.43548387096774194,0.14516129032258063
687597,0.189873417721519,0.31645569620253167,0.12658227848101267
687952,0.20388349514563106,0.2912621359223301,0.08737864077669902
688363,0.08333333333333333,0.20833333333333334,0.125
689172,0.2962962962962963,0.4444444444444444,0.14814814814814814
690993,0.24242424242424243,0.3333333333333333,0.09090909090909088
691016,0.22764227642276422,0.43902439024390244,0.21138211382113822
691023,0.16666666666666666,0.2916666666666667,0.12500000000000003
691026,0.28627450980392155,0.4196078431372549,0.13333333333333336
691182,0.17647058823529413,0.20588235294117646,0.02941176470588233
691718,0.19230769230769232,0.27692307692307694,0.08461538461538462
693049,0.2727272727272727,0.2727272727272727,0.0
693304,0.2822085889570552,0.44171779141104295,0.15950920245398775
694192,0.23555555555555555,0.38666666666666666,0.1511111111111111
694362,0.1,0.2,0.1
694384,0.245136186770428,0.3657587548638132,0.1206225680933852
694388,0.3050847457627119,0.4067796610169492,0.1016949152542373
694497,0.2,0.3851851851851852,0.18518518518518517
694671,0.25961538461538464,0.3894230769230769,0.1298076923076923
695238,0.0,0.0,0.0
695391,0.12195121951219512,0.34146341463414637,0.21951219512195125
695578,0.3333333333333333,0.3333333333333333,0.0
696100,0.19047619047619047,0.4380952380952381,0.24761904761904763
696285,0.27232142857142855,0.3392857142857143,0.06696428571428575
700250,0.2727272727272727,0.3333333333333333,0.06060606060606061
700932,0.2125,0.3375,0.12500000000000003
701538,0.30566037735849055,0.4830188679245283,0.17735849056603775
702358,0.22935779816513763,0.23853211009174313,0.009174311926605505
702616,0.06060606060606061,0.06060606060606061,0.0
807799,0.24786324786324787,0.3504273504273504,0.10256410256410253
808982,0.265625,0.3203125,0.0546875
